{"cameraMode":{"drawMode":0,"name":"Shaded","section":"Shading Mode"},"sceneLighting":true,"audioPlay":false,"sceneViewState":{"m_AlwaysRefresh":false,"showFog":true,"showSkybox":true,"showFlares":true,"showImageEffects":true,"showParticleSystems":true,"showVisualEffectGraphs":true,"m_FxEnabled":true},"in2DMode":false,"pivot":{"x":-1.4821029901504517,"y":3.015164613723755,"z":0.9201421737670898},"rotation":{"x":-0.09582968801259995,"y":0.021804139018058778,"z":-0.002099960343912244,"w":-0.9951605796813965},"size":8.441128730773926,"orthographic":false}