{"cameraMode":{"drawMode":0,"name":"Shaded","section":"Shading Mode"},"sceneLighting":true,"audioPlay":false,"sceneViewState":{"m_AlwaysRefresh":false,"showFog":true,"showSkybox":true,"showFlares":true,"showImageEffects":true,"showParticleSystems":true,"showVisualEffectGraphs":true,"m_FxEnabled":true},"in2DMode":false,"pivot":{"x":3.8554799556732179,"y":0.8771014213562012,"z":-11.306831359863282},"rotation":{"x":-0.15752415359020234,"y":-0.21209017932415009,"z":0.034662120044231418,"w":-0.9638493061065674},"size":21.56731605529785,"orthographic":false}